patient_id,initialen,achternaam,leeftijd,geslacht,afdeling,operatiedatum,risico_categorie,operatietype,spoedoperatie,CAD,eerder_MI,hartfalen,cerebrovasculair,perifeer_vaataandoening,diabetes,nierziekte,hypertensie,beta_blokker,statin,anticoagulant,antiplatelet,ace_remmer,preop_TnT,preop_ntprobnp,eGFR,hemoglobine,creatinine,min_MAP,dur_MAP75,dur_MAP65,max_HR,tachy_min,sioht_min,dag1_TnT,dag1_MAP,dag1_HR,dag2_TnT,dag2_MAP,dag2_HR,dag3_TnT,dag3_MAP,dag3_HR
NC-001,R.,Pietersen,55,M,Chirurgie,2026-05-01,low,Laparoscopische cholecystectomie,0,0,0,0,0,0,0,0,1,0,1,0,0,1,6,60,74,8.8,82,84,0,0,74,0,0,7,86,72,8,84,70,,
NC-002,E.,Hendriks,68,V,Orthopedie,2026-05-02,intermediate,Knieprothese links (TKA),0,0,0,0,0,0,1,0,1,0,1,0,0,0,7,110,64,7.8,94,78,10,0,78,0,0,9,79,74,11,81,76,,
NC-003,F.,van der Berg,74,M,Urologie,2026-05-03,intermediate,Radicale prostatectomie,0,0,0,0,1,0,1,1,1,0,1,0,0,1,11,340,52,8.2,118,74,20,0,82,5,0,15,75,80,18,77,78,14,80,76
NC-004,S.,Kuijpers,48,V,Oncologie,2026-05-04,low,Mastectomie rechts,0,0,0,0,0,0,0,0,0,0,0,0,0,0,5,45,88,9.2,68,88,0,0,68,0,0,6,89,66,5,90,64,,
NC-005,H.,Vermeer,63,M,Chirurgie,2026-05-05,low,Thyroidectomie totaal,0,0,0,0,0,0,0,0,1,0,0,0,0,1,8,80,78,9.0,86,82,0,0,72,0,0,9,84,70,8,86,68,,
NC-006,A.,Brouwer,79,V,Chirurgie,2026-05-06,intermediate,Liesbreuk reparatie,0,0,0,0,1,0,0,0,1,0,1,0,0,1,13,420,58,7.4,106,72,25,0,84,8,0,18,72,80,22,74,82,19,76,78
NC-007,P.,Willems,56,M,Chirurgie,2026-05-07,intermediate,Laparoscopische sigmoïdresectie,0,0,0,0,0,0,1,0,0,0,0,0,0,0,9,130,82,8.6,78,78,15,0,86,5,0,12,80,84,16,78,82,13,82,80
NC-008,M.,de Groot,71,V,Orthopedie / IC,2026-05-07,high,Heupprothese spoed (THA),1,0,0,0,0,0,1,1,1,0,1,1,0,0,14,890,48,7.0,128,66,55,18,98,25,12,28,68,96,45,70,92,38,73,86
NC-009,T.,Mulder,42,M,Chirurgie,2026-05-08,intermediate,Appendectomie,1,0,0,0,0,0,0,0,0,0,0,0,0,0,4,55,94,9.4,72,90,0,0,88,0,0,5,91,86,4,92,84,,
NC-010,L.,Oosterhout,66,V,Longchirurgie,2026-05-08,intermediate,Longkwabresectie rechtsonder,0,0,0,0,0,0,0,0,1,1,1,0,0,1,10,160,68,8.4,92,74,18,0,88,8,0,16,76,82,24,73,80,20,77,78
